[
    { "INSTITUTE_ID": "058878093971206", "LOCATION": "GARUDAHA", "E_MAIL": "gsshs2000@gmail.com", "ESTABLISH_DATE": "01/01/2000 00:00:00", "MAUZA_ID": "50887816397", "MANAGEMENT": "2", "FOR_WHOM": "3", "SHIFT_NO": "1", "RECOGNITION": "1", "MPO_STATUS": "1", "MPO_CODE_SCHOOL": "12842413", "GEOGRAPHICAL_STATUS": "1", "POST_OFFICE": "FULKOHCA", "SCHOOL_CODE": "4079", "INSTITUTE_TYPE_ID": "1", "EDUCATION_LEVEL_ID": "13", "TECHNICAL_BRANCH_MPO_STATUS": "2", "YEAR": "2,020", "EIIN": "128424", "INSTITUTE_NAME_NEW": "GARUDAHA SHISHU SADON HIGH SCHOOL", "INSTITUTE_NAME_BANGLA": " গাড়ুদহ শিশু সদন উচ্চ বিদ্যালয়", "COMMERCE_GROUP": "3", "SCIENCE_GROUP": "2", "ARTS_GROUP": "1", "DIVISION_ID": "50", "DISTRICT_ID": "5088", "THANA_ID": "508878", "UNION_ID": "50887816", "HIGHREC": "12", "MOBPHONE": "01710722662", "AREA_STATUS1": "1", "CONSTITUENCY": "SIRAJGONJ. 62", "ENGLISH_VER_YN": "2" },
    { "INSTITUTE_ID": "035678357941304", "LOCATION": "DHAKAIJORA", "E_MAIL": "dhakaijorahighschool1961@gmail.com", "ESTABLISH_DATE": "01/01/1961 00:00:00", "MAUZA_ID": "30567835794", "MANAGEMENT": "2", "FOR_WHOM": "3", "SHIFT_NO": "1", "RECOGNITION": "1", "MPO_STATUS": "1", "MPO_CODE_SCHOOL": "2806071302", "GEOGRAPHICAL_STATUS": "1", "POST_OFFICE": "INTAJGANJ", "SCHOOL_CODE": "4101", "WEB_SITE": "dhakaijorahkmi.edu.bd", "INSTITUTE_TYPE_ID": "1", "EDUCATION_LEVEL_ID": "13", "TECHNICAL_BRANCH_MPO_STATUS": "2", "YEAR": "2,020", "EIIN": "111035", "INSTITUTE_NAME_NEW": "DHAKAIJORA HAZI KORBAN ALI MEMORIAL INS", "INSTITUTE_NAME_BANGLA": "ঢাকাইজোড়া হাজী কোরবান আলী মেমোরিয়াল ইনষ্টিটিউশন", "STARTING_CLASS": "1206", "COMMERCE_GROUP": "3", "SCIENCE_GROUP": "2", "ARTS_GROUP": "1", "DIVISION_ID": "30", "DISTRICT_ID": "3056", "THANA_ID": "305678", "UNION_ID": "30567835", "HIGHREC": "13", "MOBPHONE": "01309111035", "AREA_STATUS1": "1", "CONSTITUENCY": "SHIBALAYA GHIOR DOULATPUR", "MPO_YN": "1", "ENGLISH_VER_YN": "2" },
    { "INSTITUTE_ID": "058549109343001", "LOCATION": "SHYAMPUR", "TELEPHONE": "01738753414", "E_MAIL": "SGSC1969RANGPURSADAR@GMAIL.COM", "ESTABLISH_DATE": "01/01/1969 00:00:00", "MAUZA_ID": "55854917934", "MANAGEMENT": "2", "FOR_WHOM": "2", "SHIFT_NO": "1", "RECOGNITION": "1", "MPO_STATUS": "1", "MPO_CODE_SCHOOL": "9104081302", "GEOGRAPHICAL_STATUS": "1", "POST_OFFICE": "SHYAMPUR", "SCHOOL_CODE": "5478", "COLLEGE_CODE": "5256", "INSTITUTE_TYPE_ID": "4", "EDUCATION_LEVEL_ID": "31", "TECHNICAL_BRANCH_MPO_STATUS": "2", "YEAR": "2,020", "EIIN": "127507", "INSTITUTE_NAME_NEW": "SHYAMPUR GIRLS HIGH SCHOOL AND COLLEGE", "INSTITUTE_NAME_BANGLA": "শ্যামপুর বাইলকা উচ্চ ইবদ্যালয় ও মহাবিদ্যালয়", "STARTING_CLASS": "1206", "SCIENCE_GROUP": "2", "ARTS_GROUP": "1", "DIVISION_ID": "55", "DISTRICT_ID": "5585", "THANA_ID": "558549", "UNION_ID": "55854917", "MOBPHONE": "01738753414", "AREA_STATUS1": "1", "SOCIAL_SCIENCE_GROUP": "4", "CONSTITUENCY": "RANGPUR-3", "MPO_YN": "1", "ENGLISH_VER_YN": "2" },
    { "INSTITUTE_ID": "036852947551302", "LOCATION": "NARANDI", "E_MAIL": "abdulhalim3395@gmail.com", "ESTABLISH_DATE": "01/01/1965 00:00:00", "MAUZA_ID": "30685294755", "MANAGEMENT": "2", "FOR_WHOM": "2", "SHIFT_NO": "1", "RECOGNITION": "1", "MPO_STATUS": "1", "MPO_CODE_SCHOOL": "3101021302", "GEOGRAPHICAL_STATUS": "1", "POST_OFFICE": "NARANDI", "SCHOOL_CODE": "3186", "INSTITUTE_TYPE_ID": "1", "EDUCATION_LEVEL_ID": "13", "TECHNICAL_BRANCH_MPO_STATUS": "2", "YEAR": "2,020", "EIIN": "112591", "INSTITUTE_NAME_NEW": "NARANDI ALAUDDIN NOORANI GIRLS HIGH SCHOOL", "INSTITUTE_NAME_BANGLA": "নারান্দী আলাউদ্দিন নূরানী বালিকা উচ্চ বিদ্যালয়", "STARTING_CLASS": "1206", "SCIENCE_GROUP": "2", "ARTS_GROUP": "1", "DIVISION_ID": "30", "DISTRICT_ID": "3068", "THANA_ID": "306852", "UNION_ID": "30685294", "HIGHREC": "13", "MOBPHONE": "01756043395", "AREA_STATUS1": "1", "CONSTITUENCY": "NARSINGDI 4", "MPO_YN": "1", "ENGLISH_VER_YN": "2" },
    { "INSTITUTE_ID": "034879660201204", "LOCATION": "CHOTA AZALDI", "E_MAIL": "caassahs110578@gmail,com", "ESTABLISH_DATE": "01/01/1993 00:00:00", "MAUZA_ID": "30487966020", "MANAGEMENT": "2", "FOR_WHOM": "3", "SHIFT_NO": "1", "RECOGNITION": "1", "MPO_STATUS": "1", "MPO_CODE_SCHOOL": "3911171204", "GEOGRAPHICAL_STATUS": "1", "POST_OFFICE": "PURBA NARANDI", "SCHOOL_CODE": "7864", "INSTITUTE_TYPE_ID": "1", "EDUCATION_LEVEL_ID": "13", "TECHNICAL_BRANCH_MPO_STATUS": "3", "YEAR": "2,020", "EIIN": "110578", "INSTITUTE_NAME_NEW": "CHOTA AZALDI A.S.S. ADARSHA HIGH SCHOOL", "INSTITUTE_NAME_BANGLA": "ছোট আজলদী এ.এস.এস আদর্শ উচ্চ বিদ্যালয়", "STARTING_CLASS": "1206", "COMMERCE_GROUP": "3", "SCIENCE_GROUP": "2", "ARTS_GROUP": "1", "DIVISION_ID": "30", "DISTRICT_ID": "3048", "THANA_ID": "304879", "UNION_ID": "30487966", "HIGHREC": "12", "MOBPHONE": "01714212307", "AREA_STATUS1": "1", "CONSTITUENCY": "163, KISHOREGONJ ", "MPO_YN": "1", "ENGLISH_VER_YN": "2" },
    { "INSTITUTE_ID": "022224834181302", "LOCATION": "ICHHAKHALI", "E_MAIL": "hmshafiul1970@gmail.com/s106276@yahoo.com ", "ESTABLISH_DATE": "01/01/1967 00:00:00", "MAUZA_ID": "20222483418", "MANAGEMENT": "2", "FOR_WHOM": "3", "SHIFT_NO": "1", "RECOGNITION": "1", "MPO_STATUS": "1", "MPO_CODE_SCHOOL": "0302041301", "GEOGRAPHICAL_STATUS": "3", "POST_OFFICE": "POOKKHALI", "SCHOOL_CODE": "4278", "WEB_SITE": "pkklhs.bise-ctg.gov.bd", "INSTITUTE_TYPE_ID": "1", "EDUCATION_LEVEL_ID": "13", "TECHNICAL_BRANCH_MPO_STATUS": "3", "YEAR": "2,020", "EIIN": "106276", "INSTITUTE_NAME_NEW": "POOKKHALI MODEL HIGH SCHOOL", "INSTITUTE_NAME_BANGLA": "পোকখালী আদর্শ উচ্চ বিদ্যালয়", "STARTING_CLASS": "1206", "COMMERCE_GROUP": "3", "SCIENCE_GROUP": "2", "ARTS_GROUP": "1", "DIVISION_ID": "20", "DISTRICT_ID": "2022", "THANA_ID": "202224", "UNION_ID": "20222483", "HIGHREC": "13", "MOBPHONE": "01814305161", "AREA_STATUS1": "1", "CONSTITUENCY": "COXSBAZAR ", "MPO_YN": "1", "ENGLISH_VER_YN": "2" },
    { "INSTITUTE_ID": "044190430072101", "LOCATION": "AMLAI", "E_MAIL": "mmm116363@gmail.com", "ESTABLISH_DATE": "01/01/1999 00:00:00", "MAUZA_ID": "40419043007", "MANAGEMENT": "2", "FOR_WHOM": "2", "SHIFT_NO": "1", "RECOGNITION": "1", "MPO_STATUS": "1", "MPO_CODE_SCHOOL": "5508162102", "GEOGRAPHICAL_STATUS": "1", "POST_OFFICE": "GOGA", "SCHOOL_CODE": "19458", "INSTITUTE_TYPE_ID": "2", "EDUCATION_LEVEL_ID": "21", "TECHNICAL_BRANCH_MPO_STATUS": "2", "MPO_CODE_MADRASAH": "5508162102", "YEAR": "2,020", "EIIN": "116363", "INSTITUTE_NAME_NEW": "AMIL  MOHAMMADIA  MOHILA DAKHI MADRASA", "INSTITUTE_NAME_BANGLA": "আমলাই মোহাম্মাদিয়া মহিলা দাখিল মাদ্রাসা", "STARTING_CLASS": "3420", "ARTS_GROUP": "1", "DIVISION_ID": "40", "DISTRICT_ID": "4041", "THANA_ID": "404190", "UNION_ID": "40419043", "MOBPHONE": "01724160110", "AREA_STATUS1": "1", "CONSTITUENCY": "85 JESSORE ", "MPO_YN": "1" }
]