[
    {
        "DISTRICT_ID": "1004",
        "DIVISION_ID": "10",
        "DISTRICT_CODE": "04",
        "DISTRICT_NAME": "BARGUNA",
        "BOARD": null,
        "BOARD_CODE": null,
        "MAD_BOARD_CODE": null,
        "ENTERED_BY": null,
        "ENTRY_TIMESTAMP": null,
        "LAST_UPDATED_BY": null,
        "LAST_UPDATED_TIMESTAMP": null,
        "DISTRICT_ID_OLD": null
    },
    {
        "DISTRICT_ID": "1006",
        "DIVISION_ID": "10",
        "DISTRICT_CODE": "06",
        "DISTRICT_NAME": "BARISAL",
        "BOARD": null,
        "BOARD_CODE": null,
        "MAD_BOARD_CODE": null,
        "ENTERED_BY": null,
        "ENTRY_TIMESTAMP": null,
        "LAST_UPDATED_BY": null,
        "LAST_UPDATED_TIMESTAMP": null,
        "DISTRICT_ID_OLD": null
    },
    {
        "DISTRICT_ID": "1009",
        "DIVISION_ID": "10",
        "DISTRICT_CODE": "09",
        "DISTRICT_NAME": "BHOLA",
        "BOARD": null,
        "BOARD_CODE": null,
        "MAD_BOARD_CODE": null,
        "ENTERED_BY": null,
        "ENTRY_TIMESTAMP": null,
        "LAST_UPDATED_BY": null,
        "LAST_UPDATED_TIMESTAMP": null,
        "DISTRICT_ID_OLD": null
    },
    {
        "DISTRICT_ID": "1042",
        "DIVISION_ID": "10",
        "DISTRICT_CODE": "42",
        "DISTRICT_NAME": "JHALOKATI",
        "BOARD": null,
        "BOARD_CODE": null,
        "MAD_BOARD_CODE": null,
        "ENTERED_BY": null,
        "ENTRY_TIMESTAMP": null,
        "LAST_UPDATED_BY": null,
        "LAST_UPDATED_TIMESTAMP": null,
        "DISTRICT_ID_OLD": null
    },
    {
        "DISTRICT_ID": "1078",
        "DIVISION_ID": "10",
        "DISTRICT_CODE": "78",
        "DISTRICT_NAME": "PATUAKHALI",
        "BOARD": null,
        "BOARD_CODE": null,
        "MAD_BOARD_CODE": null,
        "ENTERED_BY": null,
        "ENTRY_TIMESTAMP": null,
        "LAST_UPDATED_BY": null,
        "LAST_UPDATED_TIMESTAMP": null,
        "DISTRICT_ID_OLD": null
    },
    {
        "DISTRICT_ID": "1079",
        "DIVISION_ID": "10",
        "DISTRICT_CODE": "79",
        "DISTRICT_NAME": "PIROJPUR",
        "BOARD": null,
        "BOARD_CODE": null,
        "MAD_BOARD_CODE": null,
        "ENTERED_BY": null,
        "ENTRY_TIMESTAMP": null,
        "LAST_UPDATED_BY": null,
        "LAST_UPDATED_TIMESTAMP": null,
        "DISTRICT_ID_OLD": null
    },
    {
        "DISTRICT_ID": "2003",
        "DIVISION_ID": "20",
        "DISTRICT_CODE": "03",
        "DISTRICT_NAME": "BANDARBAN",
        "BOARD": null,
        "BOARD_CODE": null,
        "MAD_BOARD_CODE": null,
        "ENTERED_BY": null,
        "ENTRY_TIMESTAMP": null,
        "LAST_UPDATED_BY": null,
        "LAST_UPDATED_TIMESTAMP": null,
        "DISTRICT_ID_OLD": null
    },
    {
        "DISTRICT_ID": "2012",
        "DIVISION_ID": "20",
        "DISTRICT_CODE": "12",
        "DISTRICT_NAME": "BRAHAMANBARIA",
        "BOARD": null,
        "BOARD_CODE": null,
        "MAD_BOARD_CODE": null,
        "ENTERED_BY": null,
        "ENTRY_TIMESTAMP": null,
        "LAST_UPDATED_BY": null,
        "LAST_UPDATED_TIMESTAMP": null,
        "DISTRICT_ID_OLD": null
    },
    {
        "DISTRICT_ID": "2013",
        "DIVISION_ID": "20",
        "DISTRICT_CODE": "13",
        "DISTRICT_NAME": "CHANDPUR",
        "BOARD": null,
        "BOARD_CODE": null,
        "MAD_BOARD_CODE": null,
        "ENTERED_BY": null,
        "ENTRY_TIMESTAMP": null,
        "LAST_UPDATED_BY": null,
        "LAST_UPDATED_TIMESTAMP": null,
        "DISTRICT_ID_OLD": null
    },
    {
        "DISTRICT_ID": "2015",
        "DIVISION_ID": "20",
        "DISTRICT_CODE": "15",
        "DISTRICT_NAME": "CHITTAGONG",
        "BOARD": null,
        "BOARD_CODE": null,
        "MAD_BOARD_CODE": null,
        "ENTERED_BY": null,
        "ENTRY_TIMESTAMP": null,
        "LAST_UPDATED_BY": null,
        "LAST_UPDATED_TIMESTAMP": null,
        "DISTRICT_ID_OLD": null
    },
    {
        "DISTRICT_ID": "2019",
        "DIVISION_ID": "20",
        "DISTRICT_CODE": "19",
        "DISTRICT_NAME": "COMILLA",
        "BOARD": null,
        "BOARD_CODE": null,
        "MAD_BOARD_CODE": null,
        "ENTERED_BY": null,
        "ENTRY_TIMESTAMP": null,
        "LAST_UPDATED_BY": null,
        "LAST_UPDATED_TIMESTAMP": null,
        "DISTRICT_ID_OLD": null
    },
    {
        "DISTRICT_ID": "2022",
        "DIVISION_ID": "20",
        "DISTRICT_CODE": "22",
        "DISTRICT_NAME": "COX'S BAZAR",
        "BOARD": null,
        "BOARD_CODE": null,
        "MAD_BOARD_CODE": null,
        "ENTERED_BY": null,
        "ENTRY_TIMESTAMP": null,
        "LAST_UPDATED_BY": null,
        "LAST_UPDATED_TIMESTAMP": null,
        "DISTRICT_ID_OLD": null
    },
    {
        "DISTRICT_ID": "2030",
        "DIVISION_ID": "20",
        "DISTRICT_CODE": "30",
        "DISTRICT_NAME": "FENI",
        "BOARD": null,
        "BOARD_CODE": null,
        "MAD_BOARD_CODE": null,
        "ENTERED_BY": null,
        "ENTRY_TIMESTAMP": null,
        "LAST_UPDATED_BY": null,
        "LAST_UPDATED_TIMESTAMP": null,
        "DISTRICT_ID_OLD": null
    },
    {
        "DISTRICT_ID": "2046",
        "DIVISION_ID": "20",
        "DISTRICT_CODE": "46",
        "DISTRICT_NAME": "KHAGRACHHARI",
        "BOARD": null,
        "BOARD_CODE": null,
        "MAD_BOARD_CODE": null,
        "ENTERED_BY": null,
        "ENTRY_TIMESTAMP": null,
        "LAST_UPDATED_BY": null,
        "LAST_UPDATED_TIMESTAMP": null,
        "DISTRICT_ID_OLD": null
    },
    {
        "DISTRICT_ID": "2051",
        "DIVISION_ID": "20",
        "DISTRICT_CODE": "51",
        "DISTRICT_NAME": "LAKSHMIPUR",
        "BOARD": null,
        "BOARD_CODE": null,
        "MAD_BOARD_CODE": null,
        "ENTERED_BY": null,
        "ENTRY_TIMESTAMP": null,
        "LAST_UPDATED_BY": null,
        "LAST_UPDATED_TIMESTAMP": null,
        "DISTRICT_ID_OLD": null
    },
    {
        "DISTRICT_ID": "2075",
        "DIVISION_ID": "20",
        "DISTRICT_CODE": "75",
        "DISTRICT_NAME": "NOAKHALI",
        "BOARD": null,
        "BOARD_CODE": null,
        "MAD_BOARD_CODE": null,
        "ENTERED_BY": null,
        "ENTRY_TIMESTAMP": null,
        "LAST_UPDATED_BY": null,
        "LAST_UPDATED_TIMESTAMP": null,
        "DISTRICT_ID_OLD": null
    },
    {
        "DISTRICT_ID": "2084",
        "DIVISION_ID": "20",
        "DISTRICT_CODE": "84",
        "DISTRICT_NAME": "RANGAMATI",
        "BOARD": null,
        "BOARD_CODE": null,
        "MAD_BOARD_CODE": null,
        "ENTERED_BY": null,
        "ENTRY_TIMESTAMP": null,
        "LAST_UPDATED_BY": null,
        "LAST_UPDATED_TIMESTAMP": null,
        "DISTRICT_ID_OLD": null
    },
    {
        "DISTRICT_ID": "3026",
        "DIVISION_ID": "30",
        "DISTRICT_CODE": "26",
        "DISTRICT_NAME": "DHAKA",
        "BOARD": null,
        "BOARD_CODE": null,
        "MAD_BOARD_CODE": null,
        "ENTERED_BY": null,
        "ENTRY_TIMESTAMP": null,
        "LAST_UPDATED_BY": null,
        "LAST_UPDATED_TIMESTAMP": null,
        "DISTRICT_ID_OLD": null
    },
    {
        "DISTRICT_ID": "3029",
        "DIVISION_ID": "30",
        "DISTRICT_CODE": "29",
        "DISTRICT_NAME": "FARIDPUR",
        "BOARD": null,
        "BOARD_CODE": null,
        "MAD_BOARD_CODE": null,
        "ENTERED_BY": null,
        "ENTRY_TIMESTAMP": null,
        "LAST_UPDATED_BY": null,
        "LAST_UPDATED_TIMESTAMP": null,
        "DISTRICT_ID_OLD": null
    },
    {
        "DISTRICT_ID": "3033",
        "DIVISION_ID": "30",
        "DISTRICT_CODE": "33",
        "DISTRICT_NAME": "GAZIPUR",
        "BOARD": null,
        "BOARD_CODE": null,
        "MAD_BOARD_CODE": null,
        "ENTERED_BY": null,
        "ENTRY_TIMESTAMP": null,
        "LAST_UPDATED_BY": null,
        "LAST_UPDATED_TIMESTAMP": null,
        "DISTRICT_ID_OLD": null
    },
    {
        "DISTRICT_ID": "3035",
        "DIVISION_ID": "30",
        "DISTRICT_CODE": "35",
        "DISTRICT_NAME": "GOPALGANJ",
        "BOARD": null,
        "BOARD_CODE": null,
        "MAD_BOARD_CODE": null,
        "ENTERED_BY": null,
        "ENTRY_TIMESTAMP": null,
        "LAST_UPDATED_BY": null,
        "LAST_UPDATED_TIMESTAMP": null,
        "DISTRICT_ID_OLD": null
    },
    {
        "DISTRICT_ID": "3048",
        "DIVISION_ID": "30",
        "DISTRICT_CODE": "48",
        "DISTRICT_NAME": "KISHOREGANJ",
        "BOARD": null,
        "BOARD_CODE": null,
        "MAD_BOARD_CODE": null,
        "ENTERED_BY": null,
        "ENTRY_TIMESTAMP": null,
        "LAST_UPDATED_BY": null,
        "LAST_UPDATED_TIMESTAMP": null,
        "DISTRICT_ID_OLD": null
    },
    {
        "DISTRICT_ID": "3054",
        "DIVISION_ID": "30",
        "DISTRICT_CODE": "54",
        "DISTRICT_NAME": "MADARIPUR",
        "BOARD": null,
        "BOARD_CODE": null,
        "MAD_BOARD_CODE": null,
        "ENTERED_BY": null,
        "ENTRY_TIMESTAMP": null,
        "LAST_UPDATED_BY": null,
        "LAST_UPDATED_TIMESTAMP": null,
        "DISTRICT_ID_OLD": null
    },
    {
        "DISTRICT_ID": "3056",
        "DIVISION_ID": "30",
        "DISTRICT_CODE": "56",
        "DISTRICT_NAME": "MANIKGANJ",
        "BOARD": null,
        "BOARD_CODE": null,
        "MAD_BOARD_CODE": null,
        "ENTERED_BY": null,
        "ENTRY_TIMESTAMP": null,
        "LAST_UPDATED_BY": null,
        "LAST_UPDATED_TIMESTAMP": null,
        "DISTRICT_ID_OLD": null
    },
    {
        "DISTRICT_ID": "3059",
        "DIVISION_ID": "30",
        "DISTRICT_CODE": "59",
        "DISTRICT_NAME": "MUNSHIGANJ",
        "BOARD": null,
        "BOARD_CODE": null,
        "MAD_BOARD_CODE": null,
        "ENTERED_BY": null,
        "ENTRY_TIMESTAMP": null,
        "LAST_UPDATED_BY": null,
        "LAST_UPDATED_TIMESTAMP": null,
        "DISTRICT_ID_OLD": null
    },
    {
        "DISTRICT_ID": "3067",
        "DIVISION_ID": "30",
        "DISTRICT_CODE": "67",
        "DISTRICT_NAME": "NARAYANGANJ",
        "BOARD": null,
        "BOARD_CODE": null,
        "MAD_BOARD_CODE": null,
        "ENTERED_BY": null,
        "ENTRY_TIMESTAMP": null,
        "LAST_UPDATED_BY": null,
        "LAST_UPDATED_TIMESTAMP": null,
        "DISTRICT_ID_OLD": null
    },
    {
        "DISTRICT_ID": "3068",
        "DIVISION_ID": "30",
        "DISTRICT_CODE": "68",
        "DISTRICT_NAME": "NARSINGDI",
        "BOARD": null,
        "BOARD_CODE": null,
        "MAD_BOARD_CODE": null,
        "ENTERED_BY": null,
        "ENTRY_TIMESTAMP": null,
        "LAST_UPDATED_BY": null,
        "LAST_UPDATED_TIMESTAMP": null,
        "DISTRICT_ID_OLD": null
    },
    {
        "DISTRICT_ID": "3082",
        "DIVISION_ID": "30",
        "DISTRICT_CODE": "82",
        "DISTRICT_NAME": "RAJBARI",
        "BOARD": null,
        "BOARD_CODE": null,
        "MAD_BOARD_CODE": null,
        "ENTERED_BY": null,
        "ENTRY_TIMESTAMP": null,
        "LAST_UPDATED_BY": null,
        "LAST_UPDATED_TIMESTAMP": null,
        "DISTRICT_ID_OLD": null
    },
    {
        "DISTRICT_ID": "3086",
        "DIVISION_ID": "30",
        "DISTRICT_CODE": "86",
        "DISTRICT_NAME": "SHARIATPUR",
        "BOARD": null,
        "BOARD_CODE": null,
        "MAD_BOARD_CODE": null,
        "ENTERED_BY": null,
        "ENTRY_TIMESTAMP": null,
        "LAST_UPDATED_BY": null,
        "LAST_UPDATED_TIMESTAMP": null,
        "DISTRICT_ID_OLD": null
    },
    {
        "DISTRICT_ID": "3093",
        "DIVISION_ID": "30",
        "DISTRICT_CODE": "93",
        "DISTRICT_NAME": "TANGAIL",
        "BOARD": null,
        "BOARD_CODE": null,
        "MAD_BOARD_CODE": null,
        "ENTERED_BY": null,
        "ENTRY_TIMESTAMP": null,
        "LAST_UPDATED_BY": null,
        "LAST_UPDATED_TIMESTAMP": null,
        "DISTRICT_ID_OLD": null
    },
    {
        "DISTRICT_ID": "4001",
        "DIVISION_ID": "40",
        "DISTRICT_CODE": "01",
        "DISTRICT_NAME": "BAGERHAT",
        "BOARD": null,
        "BOARD_CODE": null,
        "MAD_BOARD_CODE": null,
        "ENTERED_BY": null,
        "ENTRY_TIMESTAMP": null,
        "LAST_UPDATED_BY": null,
        "LAST_UPDATED_TIMESTAMP": null,
        "DISTRICT_ID_OLD": null
    },
    {
        "DISTRICT_ID": "4018",
        "DIVISION_ID": "40",
        "DISTRICT_CODE": "18",
        "DISTRICT_NAME": "CHUADANGA",
        "BOARD": null,
        "BOARD_CODE": null,
        "MAD_BOARD_CODE": null,
        "ENTERED_BY": null,
        "ENTRY_TIMESTAMP": null,
        "LAST_UPDATED_BY": null,
        "LAST_UPDATED_TIMESTAMP": null,
        "DISTRICT_ID_OLD": null
    },
    {
        "DISTRICT_ID": "4041",
        "DIVISION_ID": "40",
        "DISTRICT_CODE": "41",
        "DISTRICT_NAME": "JESSORE",
        "BOARD": null,
        "BOARD_CODE": null,
        "MAD_BOARD_CODE": null,
        "ENTERED_BY": null,
        "ENTRY_TIMESTAMP": null,
        "LAST_UPDATED_BY": null,
        "LAST_UPDATED_TIMESTAMP": null,
        "DISTRICT_ID_OLD": null
    },
    {
        "DISTRICT_ID": "4044",
        "DIVISION_ID": "40",
        "DISTRICT_CODE": "44",
        "DISTRICT_NAME": "JHENAIDAH",
        "BOARD": null,
        "BOARD_CODE": null,
        "MAD_BOARD_CODE": null,
        "ENTERED_BY": null,
        "ENTRY_TIMESTAMP": null,
        "LAST_UPDATED_BY": null,
        "LAST_UPDATED_TIMESTAMP": null,
        "DISTRICT_ID_OLD": null
    },
    {
        "DISTRICT_ID": "4047",
        "DIVISION_ID": "40",
        "DISTRICT_CODE": "47",
        "DISTRICT_NAME": "KHULNA",
        "BOARD": null,
        "BOARD_CODE": null,
        "MAD_BOARD_CODE": null,
        "ENTERED_BY": null,
        "ENTRY_TIMESTAMP": null,
        "LAST_UPDATED_BY": null,
        "LAST_UPDATED_TIMESTAMP": null,
        "DISTRICT_ID_OLD": null
    },
    {
        "DISTRICT_ID": "4050",
        "DIVISION_ID": "40",
        "DISTRICT_CODE": "50",
        "DISTRICT_NAME": "KUSHTIA",
        "BOARD": null,
        "BOARD_CODE": null,
        "MAD_BOARD_CODE": null,
        "ENTERED_BY": null,
        "ENTRY_TIMESTAMP": null,
        "LAST_UPDATED_BY": null,
        "LAST_UPDATED_TIMESTAMP": null,
        "DISTRICT_ID_OLD": null
    },
    {
        "DISTRICT_ID": "4055",
        "DIVISION_ID": "40",
        "DISTRICT_CODE": "55",
        "DISTRICT_NAME": "MAGURA",
        "BOARD": null,
        "BOARD_CODE": null,
        "MAD_BOARD_CODE": null,
        "ENTERED_BY": null,
        "ENTRY_TIMESTAMP": null,
        "LAST_UPDATED_BY": null,
        "LAST_UPDATED_TIMESTAMP": null,
        "DISTRICT_ID_OLD": null
    },
    {
        "DISTRICT_ID": "4057",
        "DIVISION_ID": "40",
        "DISTRICT_CODE": "57",
        "DISTRICT_NAME": "MEHERPUR",
        "BOARD": null,
        "BOARD_CODE": null,
        "MAD_BOARD_CODE": null,
        "ENTERED_BY": null,
        "ENTRY_TIMESTAMP": null,
        "LAST_UPDATED_BY": null,
        "LAST_UPDATED_TIMESTAMP": null,
        "DISTRICT_ID_OLD": null
    },
    {
        "DISTRICT_ID": "4065",
        "DIVISION_ID": "40",
        "DISTRICT_CODE": "65",
        "DISTRICT_NAME": "NORAIL",
        "BOARD": null,
        "BOARD_CODE": null,
        "MAD_BOARD_CODE": null,
        "ENTERED_BY": null,
        "ENTRY_TIMESTAMP": null,
        "LAST_UPDATED_BY": null,
        "LAST_UPDATED_TIMESTAMP": null,
        "DISTRICT_ID_OLD": null
    },
    {
        "DISTRICT_ID": "4087",
        "DIVISION_ID": "40",
        "DISTRICT_CODE": "87",
        "DISTRICT_NAME": "SATKHIRA",
        "BOARD": null,
        "BOARD_CODE": null,
        "MAD_BOARD_CODE": null,
        "ENTERED_BY": null,
        "ENTRY_TIMESTAMP": null,
        "LAST_UPDATED_BY": null,
        "LAST_UPDATED_TIMESTAMP": null,
        "DISTRICT_ID_OLD": null
    },
    {
        "DISTRICT_ID": "4539",
        "DIVISION_ID": "45",
        "DISTRICT_CODE": "39",
        "DISTRICT_NAME": "JAMALPUR",
        "BOARD": null,
        "BOARD_CODE": null,
        "MAD_BOARD_CODE": null,
        "ENTERED_BY": null,
        "ENTRY_TIMESTAMP": null,
        "LAST_UPDATED_BY": null,
        "LAST_UPDATED_TIMESTAMP": null,
        "DISTRICT_ID_OLD": null
    },
    {
        "DISTRICT_ID": "4561",
        "DIVISION_ID": "45",
        "DISTRICT_CODE": "61",
        "DISTRICT_NAME": "MYMENSINGH",
        "BOARD": null,
        "BOARD_CODE": null,
        "MAD_BOARD_CODE": null,
        "ENTERED_BY": null,
        "ENTRY_TIMESTAMP": null,
        "LAST_UPDATED_BY": null,
        "LAST_UPDATED_TIMESTAMP": null,
        "DISTRICT_ID_OLD": null
    },
    {
        "DISTRICT_ID": "4572",
        "DIVISION_ID": "45",
        "DISTRICT_CODE": "72",
        "DISTRICT_NAME": "NETRAKONA",
        "BOARD": null,
        "BOARD_CODE": null,
        "MAD_BOARD_CODE": null,
        "ENTERED_BY": null,
        "ENTRY_TIMESTAMP": null,
        "LAST_UPDATED_BY": null,
        "LAST_UPDATED_TIMESTAMP": null,
        "DISTRICT_ID_OLD": null
    },
    {
        "DISTRICT_ID": "4589",
        "DIVISION_ID": "45",
        "DISTRICT_CODE": "89",
        "DISTRICT_NAME": "SHERPUR",
        "BOARD": null,
        "BOARD_CODE": null,
        "MAD_BOARD_CODE": null,
        "ENTERED_BY": null,
        "ENTRY_TIMESTAMP": null,
        "LAST_UPDATED_BY": null,
        "LAST_UPDATED_TIMESTAMP": null,
        "DISTRICT_ID_OLD": null
    },
    {
        "DISTRICT_ID": "5010",
        "DIVISION_ID": "50",
        "DISTRICT_CODE": "10",
        "DISTRICT_NAME": "BOGRA",
        "BOARD": null,
        "BOARD_CODE": null,
        "MAD_BOARD_CODE": null,
        "ENTERED_BY": null,
        "ENTRY_TIMESTAMP": null,
        "LAST_UPDATED_BY": null,
        "LAST_UPDATED_TIMESTAMP": null,
        "DISTRICT_ID_OLD": null
    },
    {
        "DISTRICT_ID": "5038",
        "DIVISION_ID": "50",
        "DISTRICT_CODE": "38",
        "DISTRICT_NAME": "JOYPURHAT",
        "BOARD": null,
        "BOARD_CODE": null,
        "MAD_BOARD_CODE": null,
        "ENTERED_BY": null,
        "ENTRY_TIMESTAMP": null,
        "LAST_UPDATED_BY": null,
        "LAST_UPDATED_TIMESTAMP": null,
        "DISTRICT_ID_OLD": null
    },
    {
        "DISTRICT_ID": "5064",
        "DIVISION_ID": "50",
        "DISTRICT_CODE": "64",
        "DISTRICT_NAME": "NAOGAON",
        "BOARD": null,
        "BOARD_CODE": null,
        "MAD_BOARD_CODE": null,
        "ENTERED_BY": null,
        "ENTRY_TIMESTAMP": null,
        "LAST_UPDATED_BY": null,
        "LAST_UPDATED_TIMESTAMP": null,
        "DISTRICT_ID_OLD": null
    },
    {
        "DISTRICT_ID": "5069",
        "DIVISION_ID": "50",
        "DISTRICT_CODE": "69",
        "DISTRICT_NAME": "NATORE",
        "BOARD": null,
        "BOARD_CODE": null,
        "MAD_BOARD_CODE": null,
        "ENTERED_BY": null,
        "ENTRY_TIMESTAMP": null,
        "LAST_UPDATED_BY": null,
        "LAST_UPDATED_TIMESTAMP": null,
        "DISTRICT_ID_OLD": null
    },
    {
        "DISTRICT_ID": "5070",
        "DIVISION_ID": "50",
        "DISTRICT_CODE": "70",
        "DISTRICT_NAME": "NAWABGANJ",
        "BOARD": null,
        "BOARD_CODE": null,
        "MAD_BOARD_CODE": null,
        "ENTERED_BY": null,
        "ENTRY_TIMESTAMP": null,
        "LAST_UPDATED_BY": null,
        "LAST_UPDATED_TIMESTAMP": null,
        "DISTRICT_ID_OLD": null
    },
    {
        "DISTRICT_ID": "5076",
        "DIVISION_ID": "50",
        "DISTRICT_CODE": "76",
        "DISTRICT_NAME": "PABNA",
        "BOARD": null,
        "BOARD_CODE": null,
        "MAD_BOARD_CODE": null,
        "ENTERED_BY": null,
        "ENTRY_TIMESTAMP": null,
        "LAST_UPDATED_BY": null,
        "LAST_UPDATED_TIMESTAMP": null,
        "DISTRICT_ID_OLD": null
    },
    {
        "DISTRICT_ID": "5081",
        "DIVISION_ID": "50",
        "DISTRICT_CODE": "81",
        "DISTRICT_NAME": "RAJSHAHI",
        "BOARD": null,
        "BOARD_CODE": null,
        "MAD_BOARD_CODE": null,
        "ENTERED_BY": null,
        "ENTRY_TIMESTAMP": null,
        "LAST_UPDATED_BY": null,
        "LAST_UPDATED_TIMESTAMP": null,
        "DISTRICT_ID_OLD": null
    },
    {
        "DISTRICT_ID": "5088",
        "DIVISION_ID": "50",
        "DISTRICT_CODE": "88",
        "DISTRICT_NAME": "SIRAJGANJ",
        "BOARD": null,
        "BOARD_CODE": null,
        "MAD_BOARD_CODE": null,
        "ENTERED_BY": null,
        "ENTRY_TIMESTAMP": null,
        "LAST_UPDATED_BY": null,
        "LAST_UPDATED_TIMESTAMP": null,
        "DISTRICT_ID_OLD": null
    },
    {
        "DISTRICT_ID": "5527",
        "DIVISION_ID": "55",
        "DISTRICT_CODE": "27",
        "DISTRICT_NAME": "DINAJPUR",
        "BOARD": null,
        "BOARD_CODE": null,
        "MAD_BOARD_CODE": null,
        "ENTERED_BY": null,
        "ENTRY_TIMESTAMP": null,
        "LAST_UPDATED_BY": null,
        "LAST_UPDATED_TIMESTAMP": null,
        "DISTRICT_ID_OLD": null
    },
    {
        "DISTRICT_ID": "5532",
        "DIVISION_ID": "55",
        "DISTRICT_CODE": "32",
        "DISTRICT_NAME": "GAIBANDHA",
        "BOARD": null,
        "BOARD_CODE": null,
        "MAD_BOARD_CODE": null,
        "ENTERED_BY": null,
        "ENTRY_TIMESTAMP": null,
        "LAST_UPDATED_BY": null,
        "LAST_UPDATED_TIMESTAMP": null,
        "DISTRICT_ID_OLD": null
    },
    {
        "DISTRICT_ID": "5549",
        "DIVISION_ID": "55",
        "DISTRICT_CODE": "49",
        "DISTRICT_NAME": "KURIGRAM",
        "BOARD": null,
        "BOARD_CODE": null,
        "MAD_BOARD_CODE": null,
        "ENTERED_BY": null,
        "ENTRY_TIMESTAMP": null,
        "LAST_UPDATED_BY": null,
        "LAST_UPDATED_TIMESTAMP": null,
        "DISTRICT_ID_OLD": null
    },
    {
        "DISTRICT_ID": "5552",
        "DIVISION_ID": "55",
        "DISTRICT_CODE": "52",
        "DISTRICT_NAME": "LALMONIRHAT",
        "BOARD": null,
        "BOARD_CODE": null,
        "MAD_BOARD_CODE": null,
        "ENTERED_BY": null,
        "ENTRY_TIMESTAMP": null,
        "LAST_UPDATED_BY": null,
        "LAST_UPDATED_TIMESTAMP": null,
        "DISTRICT_ID_OLD": null
    },
    {
        "DISTRICT_ID": "5573",
        "DIVISION_ID": "55",
        "DISTRICT_CODE": "73",
        "DISTRICT_NAME": "NILPHAMARI",
        "BOARD": null,
        "BOARD_CODE": null,
        "MAD_BOARD_CODE": null,
        "ENTERED_BY": null,
        "ENTRY_TIMESTAMP": null,
        "LAST_UPDATED_BY": null,
        "LAST_UPDATED_TIMESTAMP": null,
        "DISTRICT_ID_OLD": null
    },
    {
        "DISTRICT_ID": "5577",
        "DIVISION_ID": "55",
        "DISTRICT_CODE": "77",
        "DISTRICT_NAME": "PANCHAGARH",
        "BOARD": null,
        "BOARD_CODE": null,
        "MAD_BOARD_CODE": null,
        "ENTERED_BY": null,
        "ENTRY_TIMESTAMP": null,
        "LAST_UPDATED_BY": null,
        "LAST_UPDATED_TIMESTAMP": null,
        "DISTRICT_ID_OLD": null
    },
    {
        "DISTRICT_ID": "5585",
        "DIVISION_ID": "55",
        "DISTRICT_CODE": "85",
        "DISTRICT_NAME": "RANGPUR",
        "BOARD": null,
        "BOARD_CODE": null,
        "MAD_BOARD_CODE": null,
        "ENTERED_BY": null,
        "ENTRY_TIMESTAMP": null,
        "LAST_UPDATED_BY": null,
        "LAST_UPDATED_TIMESTAMP": null,
        "DISTRICT_ID_OLD": null
    },
    {
        "DISTRICT_ID": "5594",
        "DIVISION_ID": "55",
        "DISTRICT_CODE": "94",
        "DISTRICT_NAME": "THAKURGAON",
        "BOARD": null,
        "BOARD_CODE": null,
        "MAD_BOARD_CODE": null,
        "ENTERED_BY": null,
        "ENTRY_TIMESTAMP": null,
        "LAST_UPDATED_BY": null,
        "LAST_UPDATED_TIMESTAMP": null,
        "DISTRICT_ID_OLD": null
    },
    {
        "DISTRICT_ID": "6036",
        "DIVISION_ID": "60",
        "DISTRICT_CODE": "36",
        "DISTRICT_NAME": "HABIGANJ",
        "BOARD": null,
        "BOARD_CODE": null,
        "MAD_BOARD_CODE": null,
        "ENTERED_BY": null,
        "ENTRY_TIMESTAMP": null,
        "LAST_UPDATED_BY": null,
        "LAST_UPDATED_TIMESTAMP": null,
        "DISTRICT_ID_OLD": null
    },
    {
        "DISTRICT_ID": "6058",
        "DIVISION_ID": "60",
        "DISTRICT_CODE": "58",
        "DISTRICT_NAME": "MAULVIBAZAR",
        "BOARD": null,
        "BOARD_CODE": null,
        "MAD_BOARD_CODE": null,
        "ENTERED_BY": null,
        "ENTRY_TIMESTAMP": null,
        "LAST_UPDATED_BY": null,
        "LAST_UPDATED_TIMESTAMP": null,
        "DISTRICT_ID_OLD": null
    },
    {
        "DISTRICT_ID": "6090",
        "DIVISION_ID": "60",
        "DISTRICT_CODE": "90",
        "DISTRICT_NAME": "SUNAMGANJ",
        "BOARD": null,
        "BOARD_CODE": null,
        "MAD_BOARD_CODE": null,
        "ENTERED_BY": null,
        "ENTRY_TIMESTAMP": null,
        "LAST_UPDATED_BY": null,
        "LAST_UPDATED_TIMESTAMP": null,
        "DISTRICT_ID_OLD": null
    },
    {
        "DISTRICT_ID": "6091",
        "DIVISION_ID": "60",
        "DISTRICT_CODE": "91",
        "DISTRICT_NAME": "SYLHET",
        "BOARD": null,
        "BOARD_CODE": null,
        "MAD_BOARD_CODE": null,
        "ENTERED_BY": null,
        "ENTRY_TIMESTAMP": null,
        "LAST_UPDATED_BY": null,
        "LAST_UPDATED_TIMESTAMP": null,
        "DISTRICT_ID_OLD": null
    }
]
