[
    {
        "DIVISION_ID": "10",
        "DIVISION_CODE": "01",
        "DIVISION_NAME": "BARISAL",
        "ENTERED_BY": null,
        "ENTRY_TIMESTAMP": null,
        "LAST_UPDATED_BY": null,
        "LAST_UPDATED_TIMESTAMP": null,
        "DIVISION_ID_OLD": "01"
    },
    {
        "DIVISION_ID": "20",
        "DIVISION_CODE": "02",
        "DIVISION_NAME": "CHITTAGONG",
        "ENTERED_BY": null,
        "ENTRY_TIMESTAMP": null,
        "LAST_UPDATED_BY": null,
        "LAST_UPDATED_TIMESTAMP": null,
        "DIVISION_ID_OLD": "02"
    },
    {
        "DIVISION_ID": "30",
        "DIVISION_CODE": "03",
        "DIVISION_NAME": "DHAKA",
        "ENTERED_BY": null,
        "ENTRY_TIMESTAMP": null,
        "LAST_UPDATED_BY": null,
        "LAST_UPDATED_TIMESTAMP": null,
        "DIVISION_ID_OLD": "03"
    },
    {
        "DIVISION_ID": "40",
        "DIVISION_CODE": "04",
        "DIVISION_NAME": "KHULNA",
        "ENTERED_BY": null,
        "ENTRY_TIMESTAMP": null,
        "LAST_UPDATED_BY": null,
        "LAST_UPDATED_TIMESTAMP": null,
        "DIVISION_ID_OLD": "04"
    },
    {
        "DIVISION_ID": "45",
        "DIVISION_CODE": "45",
        "DIVISION_NAME": "MYMENSINGH",
        "ENTERED_BY": null,
        "ENTRY_TIMESTAMP": null,
        "LAST_UPDATED_BY": null,
        "LAST_UPDATED_TIMESTAMP": null,
        "DIVISION_ID_OLD": "45"
    },
    {
        "DIVISION_ID": "50",
        "DIVISION_CODE": "05",
        "DIVISION_NAME": "RAJSHAHI",
        "ENTERED_BY": null,
        "ENTRY_TIMESTAMP": null,
        "LAST_UPDATED_BY": null,
        "LAST_UPDATED_TIMESTAMP": null,
        "DIVISION_ID_OLD": "05"
    },
    {
        "DIVISION_ID": "55",
        "DIVISION_CODE": "07",
        "DIVISION_NAME": "RANGPUR",
        "ENTERED_BY": null,
        "ENTRY_TIMESTAMP": null,
        "LAST_UPDATED_BY": null,
        "LAST_UPDATED_TIMESTAMP": null,
        "DIVISION_ID_OLD": "07"
    },
    {
        "DIVISION_ID": "60",
        "DIVISION_CODE": "06",
        "DIVISION_NAME": "SYLHET",
        "ENTERED_BY": null,
        "ENTRY_TIMESTAMP": null,
        "LAST_UPDATED_BY": null,
        "LAST_UPDATED_TIMESTAMP": null,
        "DIVISION_ID_OLD": "06"
    }
]
