[
    {
        "EDUCATION_LEVEL_ID": "92",
        "EDUCATION_LEVEL_NAME": "MERIN INSTITUTE",
        "EDUCATION_LEVEL_CODE": "92"
    },
    {
        "EDUCATION_LEVEL_ID": "89",
        "EDUCATION_LEVEL_NAME": "NATIONAL SKILFUL/BASIC TRADE",
        "EDUCATION_LEVEL_CODE": "89"
    },
    {
        "EDUCATION_LEVEL_ID": "11",
        "EDUCATION_LEVEL_NAME": "Govt. Primary (VI to VIII)",
        "EDUCATION_LEVEL_CODE": "11"
    },
    {
        "EDUCATION_LEVEL_ID": "12",
        "EDUCATION_LEVEL_NAME": "Junior Secondary",
        "EDUCATION_LEVEL_CODE": "12"
    },
    {
        "EDUCATION_LEVEL_ID": "13",
        "EDUCATION_LEVEL_NAME": "Secondary ",
        "EDUCATION_LEVEL_CODE": "13"
    },
    {
        "EDUCATION_LEVEL_ID": "31",
        "EDUCATION_LEVEL_NAME": "Higher Secondary ",
        "EDUCATION_LEVEL_CODE": "31"
    },
    {
        "EDUCATION_LEVEL_ID": "32",
        "EDUCATION_LEVEL_NAME": "Degree (Pass) ",
        "EDUCATION_LEVEL_CODE": "32"
    },
    {
        "EDUCATION_LEVEL_ID": "33",
        "EDUCATION_LEVEL_NAME": "Degree (Honors)",
        "EDUCATION_LEVEL_CODE": "33"
    },
    {
        "EDUCATION_LEVEL_ID": "34",
        "EDUCATION_LEVEL_NAME": "Masters ",
        "EDUCATION_LEVEL_CODE": "34"
    },
    {
        "EDUCATION_LEVEL_ID": "21",
        "EDUCATION_LEVEL_NAME": "Dakhil",
        "EDUCATION_LEVEL_CODE": "21"
    },
    {
        "EDUCATION_LEVEL_ID": "22",
        "EDUCATION_LEVEL_NAME": "Alim",
        "EDUCATION_LEVEL_CODE": "22"
    },
    {
        "EDUCATION_LEVEL_ID": "23",
        "EDUCATION_LEVEL_NAME": "Fazil",
        "EDUCATION_LEVEL_CODE": "23"
    },
    {
        "EDUCATION_LEVEL_ID": "24",
        "EDUCATION_LEVEL_NAME": "Kamil",
        "EDUCATION_LEVEL_CODE": "24"
    },
    {
        "EDUCATION_LEVEL_ID": "100",
        "EDUCATION_LEVEL_NAME": "Not Applicable",
        "EDUCATION_LEVEL_CODE": "00"
    },
    {
        "EDUCATION_LEVEL_ID": "52",
        "EDUCATION_LEVEL_NAME": "H.S.C. (B.M.) ",
        "EDUCATION_LEVEL_CODE": "52"
    },
    {
        "EDUCATION_LEVEL_ID": "51",
        "EDUCATION_LEVEL_NAME": "S.S.C. (Vocational)",
        "EDUCATION_LEVEL_CODE": "51"
    },
    {
        "EDUCATION_LEVEL_ID": "20",
        "EDUCATION_LEVEL_NAME": "Ebtedai",
        "EDUCATION_LEVEL_CODE": "20"
    },
    {
        "EDUCATION_LEVEL_ID": "53",
        "EDUCATION_LEVEL_NAME": "S.S.C(Vocational Independent)",
        "EDUCATION_LEVEL_CODE": "53"
    },
    {
        "EDUCATION_LEVEL_ID": "54",
        "EDUCATION_LEVEL_NAME": "H.S.C(Vocational Independent)",
        "EDUCATION_LEVEL_CODE": "54"
    },
    {
        "EDUCATION_LEVEL_ID": "55",
        "EDUCATION_LEVEL_NAME": "H.S.C (B.M Independent)",
        "EDUCATION_LEVEL_CODE": "55"
    },
    {
        "EDUCATION_LEVEL_ID": "56",
        "EDUCATION_LEVEL_NAME": "POLYTECHNIC INSTITUTE",
        "EDUCATION_LEVEL_CODE": "56"
    },
    {
        "EDUCATION_LEVEL_ID": "57",
        "EDUCATION_LEVEL_NAME": "TECHNICAL SCHOOL AND COLLEGE",
        "EDUCATION_LEVEL_CODE": "57"
    },
    {
        "EDUCATION_LEVEL_ID": "58",
        "EDUCATION_LEVEL_NAME": "TEXTILE (Vocational Institute)",
        "EDUCATION_LEVEL_CODE": "58"
    },
    {
        "EDUCATION_LEVEL_ID": "59",
        "EDUCATION_LEVEL_NAME": "TECHNICALTRAINING CENTER",
        "EDUCATION_LEVEL_CODE": "59"
    },
    {
        "EDUCATION_LEVEL_ID": "60",
        "EDUCATION_LEVEL_NAME": "AGRICULTURE TRAINING INSTITUTE",
        "EDUCATION_LEVEL_CODE": "60"
    },
    {
        "EDUCATION_LEVEL_ID": "61",
        "EDUCATION_LEVEL_NAME": "TEXTILE INSTITUTE",
        "EDUCATION_LEVEL_CODE": "61"
    },
    {
        "EDUCATION_LEVEL_ID": "62",
        "EDUCATION_LEVEL_NAME": "COMMERCIAL INST. COLLEGE",
        "EDUCATION_LEVEL_CODE": "62"
    },
    {
        "EDUCATION_LEVEL_ID": "63",
        "EDUCATION_LEVEL_NAME": "SURVEY INSTITUTE",
        "EDUCATION_LEVEL_CODE": "63"
    },
    {
        "EDUCATION_LEVEL_ID": "64",
        "EDUCATION_LEVEL_NAME": "GRAPHIC ARTS",
        "EDUCATION_LEVEL_CODE": "64"
    },
    {
        "EDUCATION_LEVEL_ID": "65",
        "EDUCATION_LEVEL_NAME": "GLASS AND CERAMICS INSTITUTE",
        "EDUCATION_LEVEL_CODE": "65"
    },
    {
        "EDUCATION_LEVEL_ID": "66",
        "EDUCATION_LEVEL_NAME": "OTHER",
        "EDUCATION_LEVEL_CODE": "66"
    },
    {
        "EDUCATION_LEVEL_ID": "67",
        "EDUCATION_LEVEL_NAME": "DIPLOMA",
        "EDUCATION_LEVEL_CODE": "67"
    },
    {
        "EDUCATION_LEVEL_ID": "68",
        "EDUCATION_LEVEL_NAME": "B.ED",
        "EDUCATION_LEVEL_CODE": "68"
    },
    {
        "EDUCATION_LEVEL_ID": "69",
        "EDUCATION_LEVEL_NAME": "M.ED",
        "EDUCATION_LEVEL_CODE": "69"
    },
    {
        "EDUCATION_LEVEL_ID": "70",
        "EDUCATION_LEVEL_NAME": "BPED",
        "EDUCATION_LEVEL_CODE": "70"
    },
    {
        "EDUCATION_LEVEL_ID": "71",
        "EDUCATION_LEVEL_NAME": "MPED",
        "EDUCATION_LEVEL_CODE": "71"
    },
    {
        "EDUCATION_LEVEL_ID": "72",
        "EDUCATION_LEVEL_NAME": "BSED",
        "EDUCATION_LEVEL_CODE": "72"
    },
    {
        "EDUCATION_LEVEL_ID": "74",
        "EDUCATION_LEVEL_NAME": "BAGED",
        "EDUCATION_LEVEL_CODE": "74"
    },
    {
        "EDUCATION_LEVEL_ID": "73",
        "EDUCATION_LEVEL_NAME": "BMTTI",
        "EDUCATION_LEVEL_CODE": "73"
    },
    {
        "EDUCATION_LEVEL_ID": "75",
        "EDUCATION_LEVEL_NAME": "NURSHING COLLEGE",
        "EDUCATION_LEVEL_CODE": "75"
    },
    {
        "EDUCATION_LEVEL_ID": "76",
        "EDUCATION_LEVEL_NAME": "HOMEOPATHIC COLLEGE",
        "EDUCATION_LEVEL_CODE": "76"
    },
    {
        "EDUCATION_LEVEL_ID": "77",
        "EDUCATION_LEVEL_NAME": "UNANI AND AUVEDIC COLLEGE",
        "EDUCATION_LEVEL_CODE": "77"
    },
    {
        "EDUCATION_LEVEL_ID": "78",
        "EDUCATION_LEVEL_NAME": "NURSING TRAINING INSTITUTE",
        "EDUCATION_LEVEL_CODE": "78"
    },
    {
        "EDUCATION_LEVEL_ID": "79",
        "EDUCATION_LEVEL_NAME": "TEXTILE TECHNOLOGY COLLEGE",
        "EDUCATION_LEVEL_CODE": "79"
    },
    {
        "EDUCATION_LEVEL_ID": "80",
        "EDUCATION_LEVEL_NAME": "LETHER TECHNOLOGY COLLEGE",
        "EDUCATION_LEVEL_CODE": "80"
    },
    {
        "EDUCATION_LEVEL_ID": "81",
        "EDUCATION_LEVEL_NAME": "ART COLLEGE",
        "EDUCATION_LEVEL_CODE": "81"
    },
    {
        "EDUCATION_LEVEL_ID": "82",
        "EDUCATION_LEVEL_NAME": "LAW COLLEGE",
        "EDUCATION_LEVEL_CODE": "82"
    },
    {
        "EDUCATION_LEVEL_ID": "83",
        "EDUCATION_LEVEL_NAME": "MUSIC COLLEGE",
        "EDUCATION_LEVEL_CODE": "83"
    },
    {
        "EDUCATION_LEVEL_ID": "84",
        "EDUCATION_LEVEL_NAME": "AGRICULTURE COLLEGE ",
        "EDUCATION_LEVEL_CODE": "84"
    },
    {
        "EDUCATION_LEVEL_ID": "85",
        "EDUCATION_LEVEL_NAME": "INSTITUTE OF TECHNOLOGY",
        "EDUCATION_LEVEL_CODE": "85"
    },
    {
        "EDUCATION_LEVEL_ID": "86",
        "EDUCATION_LEVEL_NAME": "LIBRARY AND INFORMATION SCIENCE",
        "EDUCATION_LEVEL_CODE": "86"
    },
    {
        "EDUCATION_LEVEL_ID": "87",
        "EDUCATION_LEVEL_NAME": "P.T.I",
        "EDUCATION_LEVEL_CODE": "87"
    },
    {
        "EDUCATION_LEVEL_ID": "88",
        "EDUCATION_LEVEL_NAME": "INSTITUTE OF HEALTH TECHNOLOGY",
        "EDUCATION_LEVEL_CODE": "88"
    },
    {
        "EDUCATION_LEVEL_ID": "25",
        "EDUCATION_LEVEL_NAME": "FAZIL HONOURS",
        "EDUCATION_LEVEL_CODE": "25"
    },
    {
        "EDUCATION_LEVEL_ID": "90",
        "EDUCATION_LEVEL_NAME": "LETHER TECHNOLOGY INSTITUTE",
        "EDUCATION_LEVEL_CODE": "90"
    },
    {
        "EDUCATION_LEVEL_ID": "91",
        "EDUCATION_LEVEL_NAME": "AGRICULTURE DIPLOMA ",
        "EDUCATION_LEVEL_CODE": "91"
    },
    {
        "EDUCATION_LEVEL_ID": "96",
        "EDUCATION_LEVEL_NAME": "O LEVEL JUNIOR",
        "EDUCATION_LEVEL_CODE": "96"
    },
    {
        "EDUCATION_LEVEL_ID": "97",
        "EDUCATION_LEVEL_NAME": "O LEVEL",
        "EDUCATION_LEVEL_CODE": "97"
    },
    {
        "EDUCATION_LEVEL_ID": "93",
        "EDUCATION_LEVEL_NAME": "DIPLOMA IN FISHERIES",
        "EDUCATION_LEVEL_CODE": "93"
    },
    {
        "EDUCATION_LEVEL_ID": "94",
        "EDUCATION_LEVEL_NAME": "DIPLOMA IN COMMERCE",
        "EDUCATION_LEVEL_CODE": "94"
    },
    {
        "EDUCATION_LEVEL_ID": "95",
        "EDUCATION_LEVEL_NAME": "VTTI",
        "EDUCATION_LEVEL_CODE": "95"
    },
    {
        "EDUCATION_LEVEL_ID": "98",
        "EDUCATION_LEVEL_NAME": "A LEVEL",
        "EDUCATION_LEVEL_CODE": "98"
    },
    {
        "EDUCATION_LEVEL_ID": "41",
        "EDUCATION_LEVEL_NAME": "DIPLOMA IN FORESTY",
        "EDUCATION_LEVEL_CODE": "41"
    },
    {
        "EDUCATION_LEVEL_ID": "42",
        "EDUCATION_LEVEL_NAME": "DIPLOMA IN LIVESTOCK",
        "EDUCATION_LEVEL_CODE": "42"
    },
    {
        "EDUCATION_LEVEL_ID": "43",
        "EDUCATION_LEVEL_NAME": "DIPLOMA IN TOURSIUM AND HOSPITALITY",
        "EDUCATION_LEVEL_CODE": "43"
    },
    {
        "EDUCATION_LEVEL_ID": "44",
        "EDUCATION_LEVEL_NAME": "DIPLOMA IN ENG. (NAVAL)",
        "EDUCATION_LEVEL_CODE": "44"
    },
    {
        "EDUCATION_LEVEL_ID": "45",
        "EDUCATION_LEVEL_NAME": "DIPLOMA IN ENG. (ARMY)",
        "EDUCATION_LEVEL_CODE": "45"
    },
    {
        "EDUCATION_LEVEL_ID": "46",
        "EDUCATION_LEVEL_NAME": "RTO",
        "EDUCATION_LEVEL_CODE": "46"
    },
    {
        "EDUCATION_LEVEL_ID": "47",
        "EDUCATION_LEVEL_NAME": "TTTC",
        "EDUCATION_LEVEL_CODE": "47"
    }
]
