[
    {
        "EDUCATION_DEGREE_ID": "01",
        "EDUCATION_DEGREE_NAME": "SSC",
        "EDUCATION_DEGREE_CODE": "01"
    },
    {
        "EDUCATION_DEGREE_ID": "02",
        "EDUCATION_DEGREE_NAME": "DAKHIL",
        "EDUCATION_DEGREE_CODE": "02"
    },
    {
        "EDUCATION_DEGREE_ID": "03",
        "EDUCATION_DEGREE_NAME": "SSC EQUI.",
        "EDUCATION_DEGREE_CODE": "03"
    },
    {
        "EDUCATION_DEGREE_ID": "04",
        "EDUCATION_DEGREE_NAME": "HSC",
        "EDUCATION_DEGREE_CODE": "04"
    },
    {
        "EDUCATION_DEGREE_ID": "05",
        "EDUCATION_DEGREE_NAME": "ALIM",
        "EDUCATION_DEGREE_CODE": "05"
    },
    {
        "EDUCATION_DEGREE_ID": "06",
        "EDUCATION_DEGREE_NAME": "HSC EQUI.",
        "EDUCATION_DEGREE_CODE": "06"
    },
    {
        "EDUCATION_DEGREE_ID": "07",
        "EDUCATION_DEGREE_NAME": "DIPLOMA ENGINEERING.",
        "EDUCATION_DEGREE_CODE": "07"
    },
    {
        "EDUCATION_DEGREE_ID": "09",
        "EDUCATION_DEGREE_NAME": "DIPLOMA ENGG. EQUI.",
        "EDUCATION_DEGREE_CODE": "09"
    },
    {
        "EDUCATION_DEGREE_ID": "10",
        "EDUCATION_DEGREE_NAME": "DEGREE PASS",
        "EDUCATION_DEGREE_CODE": "10"
    },
    {
        "EDUCATION_DEGREE_ID": "11",
        "EDUCATION_DEGREE_NAME": "FAZIL",
        "EDUCATION_DEGREE_CODE": "11"
    },
    {
        "EDUCATION_DEGREE_ID": "12",
        "EDUCATION_DEGREE_NAME": "DEGREE EQUI.",
        "EDUCATION_DEGREE_CODE": "12"
    },
    {
        "EDUCATION_DEGREE_ID": "13",
        "EDUCATION_DEGREE_NAME": "HONOURS(Three Years)",
        "EDUCATION_DEGREE_CODE": "13"
    },
    {
        "EDUCATION_DEGREE_ID": "14",
        "EDUCATION_DEGREE_NAME": "MASTERS",
        "EDUCATION_DEGREE_CODE": "14"
    },
    {
        "EDUCATION_DEGREE_ID": "15",
        "EDUCATION_DEGREE_NAME": "KAMIL",
        "EDUCATION_DEGREE_CODE": "15"
    },
    {
        "EDUCATION_DEGREE_ID": "16",
        "EDUCATION_DEGREE_NAME": "BSC ENGINEERING",
        "EDUCATION_DEGREE_CODE": "16"
    },
    {
        "EDUCATION_DEGREE_ID": "17",
        "EDUCATION_DEGREE_NAME": "BSC AGRICULTURE",
        "EDUCATION_DEGREE_CODE": "17"
    },
    {
        "EDUCATION_DEGREE_ID": "18",
        "EDUCATION_DEGREE_NAME": "MBBS",
        "EDUCATION_DEGREE_CODE": "18"
    },
    {
        "EDUCATION_DEGREE_ID": "19",
        "EDUCATION_DEGREE_NAME": "BSC PASS EQUI",
        "EDUCATION_DEGREE_CODE": "19"
    },
    {
        "EDUCATION_DEGREE_ID": "08",
        "EDUCATION_DEGREE_NAME": "COMMERCE",
        "EDUCATION_DEGREE_CODE": "08"
    },
    {
        "EDUCATION_DEGREE_ID": "20",
        "EDUCATION_DEGREE_NAME": "DIP.IN LIBRARY",
        "EDUCATION_DEGREE_CODE": "20"
    },
    {
        "EDUCATION_DEGREE_ID": "21",
        "EDUCATION_DEGREE_NAME": "CLASS-VIII",
        "EDUCATION_DEGREE_CODE": "21"
    },
    {
        "EDUCATION_DEGREE_ID": "22",
        "EDUCATION_DEGREE_NAME": "CLASS-V",
        "EDUCATION_DEGREE_CODE": "22"
    },
    {
        "EDUCATION_DEGREE_ID": "23",
        "EDUCATION_DEGREE_NAME": "MUZABID",
        "EDUCATION_DEGREE_CODE": "23"
    },
    {
        "EDUCATION_DEGREE_ID": "24",
        "EDUCATION_DEGREE_NAME": "MEHIR",
        "EDUCATION_DEGREE_CODE": "24"
    },
    {
        "EDUCATION_DEGREE_ID": "25",
        "EDUCATION_DEGREE_NAME": "DIPLOMA IN AGRICULTURE",
        "EDUCATION_DEGREE_CODE": "25"
    },
    {
        "EDUCATION_DEGREE_ID": "26",
        "EDUCATION_DEGREE_NAME": "MECHANICAL",
        "EDUCATION_DEGREE_CODE": "26"
    },
    {
        "EDUCATION_DEGREE_ID": "27",
        "EDUCATION_DEGREE_NAME": "CIVIL",
        "EDUCATION_DEGREE_CODE": "27"
    },
    {
        "EDUCATION_DEGREE_ID": "28",
        "EDUCATION_DEGREE_NAME": "ELECTRICAL",
        "EDUCATION_DEGREE_CODE": "28"
    },
    {
        "EDUCATION_DEGREE_ID": "29",
        "EDUCATION_DEGREE_NAME": "AUDIO/VIDEO",
        "EDUCATION_DEGREE_CODE": "29"
    },
    {
        "EDUCATION_DEGREE_ID": "30",
        "EDUCATION_DEGREE_NAME": "PHYSICAL EDUCATION",
        "EDUCATION_DEGREE_CODE": "30"
    },
    {
        "EDUCATION_DEGREE_ID": "31",
        "EDUCATION_DEGREE_NAME": "M.Ag",
        "EDUCATION_DEGREE_CODE": "31"
    },
    {
        "EDUCATION_DEGREE_ID": "32",
        "EDUCATION_DEGREE_NAME": "M.F.A",
        "EDUCATION_DEGREE_CODE": "32"
    },
    {
        "EDUCATION_DEGREE_ID": "43",
        "EDUCATION_DEGREE_NAME": "Not Applicable",
        "EDUCATION_DEGREE_CODE": "43"
    },
    {
        "EDUCATION_DEGREE_ID": "33",
        "EDUCATION_DEGREE_NAME": "MSC ENGINEERING",
        "EDUCATION_DEGREE_CODE": "33"
    },
    {
        "EDUCATION_DEGREE_ID": "34",
        "EDUCATION_DEGREE_NAME": "MPHIL",
        "EDUCATION_DEGREE_CODE": "34"
    },
    {
        "EDUCATION_DEGREE_ID": "35",
        "EDUCATION_DEGREE_NAME": "PHD",
        "EDUCATION_DEGREE_CODE": "35"
    },
    {
        "EDUCATION_DEGREE_ID": "36",
        "EDUCATION_DEGREE_NAME": "MASTERS(without Honours)",
        "EDUCATION_DEGREE_CODE": "36"
    },
    {
        "EDUCATION_DEGREE_ID": "37",
        "EDUCATION_DEGREE_NAME": "M.SC ENGINEERING",
        "EDUCATION_DEGREE_CODE": "37"
    },
    {
        "EDUCATION_DEGREE_ID": "38",
        "EDUCATION_DEGREE_NAME": "B.AG.ED",
        "EDUCATION_DEGREE_CODE": "38"
    },
    {
        "EDUCATION_DEGREE_ID": "39",
        "EDUCATION_DEGREE_NAME": "BSS",
        "EDUCATION_DEGREE_CODE": "39"
    },
    {
        "EDUCATION_DEGREE_ID": "40",
        "EDUCATION_DEGREE_NAME": "MSS",
        "EDUCATION_DEGREE_CODE": "40"
    },
    {
        "EDUCATION_DEGREE_ID": "41",
        "EDUCATION_DEGREE_NAME": "JDC",
        "EDUCATION_DEGREE_CODE": "41"
    },
    {
        "EDUCATION_DEGREE_ID": "42",
        "EDUCATION_DEGREE_NAME": "Daora Hadis",
        "EDUCATION_DEGREE_CODE": "42"
    }
]
