[
    {
        "EXAM_ID": "11",
        "DESCRIPTION": "FAZIL (HONOURS)"
    },
    {
        "EXAM_ID": "12",
        "DESCRIPTION": "HONOURS (3 YEARS)"
    },
    {
        "EXAM_ID": "13",
        "DESCRIPTION": "HONOURS (4 YEARS)"
    },
    {
        "EXAM_ID": "14",
        "DESCRIPTION": "MASTERS WITHOUT HONOURS"
    },
    {
        "EXAM_ID": "1",
        "DESCRIPTION": "SSC"
    },
    {
        "EXAM_ID": "2",
        "DESCRIPTION": "JSC"
    },
    {
        "EXAM_ID": "3",
        "DESCRIPTION": "HSC"
    },
    {
        "EXAM_ID": "4",
        "DESCRIPTION": "DEGREE"
    },
    {
        "EXAM_ID": "5",
        "DESCRIPTION": "MASTERS WITH HONOURS"
    },
    {
        "EXAM_ID": "6",
        "DESCRIPTION": "JDC"
    },
    {
        "EXAM_ID": "7",
        "DESCRIPTION": "DAKHIL"
    },
    {
        "EXAM_ID": "8",
        "DESCRIPTION": "ALIM"
    },
    {
        "EXAM_ID": "9",
        "DESCRIPTION": "FAZIL (PASS)"
    },
    {
        "EXAM_ID": "10",
        "DESCRIPTION": "KAMIL"
    }
]
