[
    {
        "GEOGRAPHICAL_STATUS": "15",
        "DETAILS": "ISLAND (DWIP)",
        "DETAILS_BN": "ISLAND (DWIP)"
    },
    {
        "GEOGRAPHICAL_STATUS": "1",
        "DETAILS": "PLAIN LAND",
        "DETAILS_BN": "PLAIN LAND",
        "UNIV_AREA": "Y"
    },
    {
        "GEOGRAPHICAL_STATUS": "2",
        "DETAILS": "HILLY AREA",
        "DETAILS_BN": "HILLY AREA",
        "UNIV_AREA": "Y"
    },
    {
        "GEOGRAPHICAL_STATUS": "3",
        "DETAILS": "COASTAL AREA (INSIDE EMBANKMENT)",
        "DETAILS_BN": "COASTAL AREA(INSIDE EMBANKMENT)"
    },
    {
        "GEOGRAPHICAL_STATUS": "4",
        "DETAILS": "HAOR/BIL  (INSIDE EMBANKMENT)",
        "DETAILS_BN": "HAOR/BIL  (INSIDE EMBANKMENT)"
    },
    {
        "GEOGRAPHICAL_STATUS": "5",
        "DETAILS": "RIVER SIDE",
        "DETAILS_BN": "RIVER SIDE"
    },
    {
        "GEOGRAPHICAL_STATUS": "6",
        "DETAILS": "INDUSTRIAL AREA",
        "DETAILS_BN": "INDUSTRIAL AREA",
        "UNIV_AREA": "Y"
    },
    {
        "GEOGRAPHICAL_STATUS": "7",
        "DETAILS": "TEA GARDEN",
        "DETAILS_BN": "TEA GARDEN"
    },
    {
        "GEOGRAPHICAL_STATUS": "8",
        "DETAILS": "BORDER AREA",
        "DETAILS_BN": "BORDER AREA"
    },
    {
        "GEOGRAPHICAL_STATUS": "0",
        "DETAILS": "OTHER",
        "DETAILS_BN": "OTHER"
    },
    {
        "GEOGRAPHICAL_STATUS": "10",
        "DETAILS": "COASTAL AREA (OUTSIDE EMBANKMENT)",
        "DETAILS_BN": "COASTAL AREA (OUTSIDE EMBANKMENT)"
    },
    {
        "GEOGRAPHICAL_STATUS": "11",
        "DETAILS": "WATER LOGGED",
        "DETAILS_BN": "WATER LOGGED"
    },
    {
        "GEOGRAPHICAL_STATUS": "12",
        "DETAILS": "SALINE AREA",
        "DETAILS_BN": "SALINE AREA"
    },
    {
        "GEOGRAPHICAL_STATUS": "13",
        "DETAILS": "HAOR/BILL (OUTSIDE EMBANKMENT)",
        "DETAILS_BN": "HAOR/BILL (OUTSIDE EMBANKMENT)"
    },
    {
        "GEOGRAPHICAL_STATUS": "14",
        "DETAILS": "CHAR",
        "DETAILS_BN": "CHAR"
    }
]
