[
    {
        "GROUP_ID": "1301",
        "GROUP_NAME": "Arts",
        "EDUCATION_LEVEL_ID": "13",
        "GROUP_CODE": "01"
    },
    {
        "GROUP_ID": "1302",
        "GROUP_NAME": "Science",
        "EDUCATION_LEVEL_ID": "13",
        "GROUP_CODE": "02"
    },
    {
        "GROUP_ID": "1303",
        "GROUP_NAME": "Business Studies",
        "EDUCATION_LEVEL_ID": "13",
        "GROUP_CODE": "03"
    },
    {
        "GROUP_ID": "3101",
        "GROUP_NAME": "Humanities",
        "EDUCATION_LEVEL_ID": "31",
        "GROUP_CODE": "01"
    },
    {
        "GROUP_ID": "3102",
        "GROUP_NAME": "Science",
        "EDUCATION_LEVEL_ID": "31",
        "GROUP_CODE": "02"
    },
    {
        "GROUP_ID": "3103",
        "GROUP_NAME": "Commerce",
        "EDUCATION_LEVEL_ID": "31",
        "GROUP_CODE": "03"
    },
    {
        "GROUP_ID": "3202",
        "GROUP_NAME": "Science",
        "EDUCATION_LEVEL_ID": "32",
        "GROUP_CODE": "02"
    },
    {
        "GROUP_ID": "3105",
        "GROUP_NAME": "Others",
        "EDUCATION_LEVEL_ID": "31",
        "GROUP_CODE": "05"
    },
    {
        "GROUP_ID": "3201",
        "GROUP_NAME": "Humanities",
        "EDUCATION_LEVEL_ID": "32",
        "GROUP_CODE": "01"
    },
    {
        "GROUP_ID": "3203",
        "GROUP_NAME": "Commerce",
        "EDUCATION_LEVEL_ID": "32",
        "GROUP_CODE": "03"
    },
    {
        "GROUP_ID": "3204",
        "GROUP_NAME": "Social Science",
        "EDUCATION_LEVEL_ID": "32",
        "GROUP_CODE": "04"
    },
    {
        "GROUP_ID": "3205",
        "GROUP_NAME": "Others",
        "EDUCATION_LEVEL_ID": "32",
        "GROUP_CODE": "05"
    },
    {
        "GROUP_ID": "3300",
        "GROUP_NAME": "Not Applicable",
        "EDUCATION_LEVEL_ID": "33",
        "GROUP_CODE": "00"
    },
    {
        "GROUP_ID": "1100",
        "GROUP_NAME": "Not Applicable",
        "EDUCATION_LEVEL_ID": "11",
        "GROUP_CODE": "00"
    },
    {
        "GROUP_ID": "1200",
        "GROUP_NAME": "Not Applicable",
        "EDUCATION_LEVEL_ID": "12",
        "GROUP_CODE": "00"
    },
    {
        "GROUP_ID": "3400",
        "GROUP_NAME": "Not Applicable",
        "EDUCATION_LEVEL_ID": "34",
        "GROUP_CODE": "00"
    },
    {
        "GROUP_ID": "2100",
        "GROUP_NAME": "Not Applicable",
        "EDUCATION_LEVEL_ID": "21",
        "GROUP_CODE": "00"
    },
    {
        "GROUP_ID": "2101",
        "GROUP_NAME": "General",
        "EDUCATION_LEVEL_ID": "21",
        "GROUP_CODE": "01"
    },
    {
        "GROUP_ID": "2102",
        "GROUP_NAME": "Science",
        "EDUCATION_LEVEL_ID": "21",
        "GROUP_CODE": "02"
    },
    {
        "GROUP_ID": "2103",
        "GROUP_NAME": "Others",
        "EDUCATION_LEVEL_ID": "21",
        "GROUP_CODE": "03",
        "LAST_UPDATED_TIMESTAMP": "07/24/2005 15:26:00"
    },
    {
        "GROUP_ID": "2201",
        "GROUP_NAME": "General",
        "EDUCATION_LEVEL_ID": "22",
        "GROUP_CODE": "01"
    },
    {
        "GROUP_ID": "2202",
        "GROUP_NAME": "Science",
        "EDUCATION_LEVEL_ID": "22",
        "GROUP_CODE": "02"
    },
    {
        "GROUP_ID": "2203",
        "GROUP_NAME": "Others",
        "EDUCATION_LEVEL_ID": "22",
        "GROUP_CODE": "03"
    },
    {
        "GROUP_ID": "2401",
        "GROUP_NAME": "Hadis",
        "EDUCATION_LEVEL_ID": "24",
        "GROUP_CODE": "01"
    },
    {
        "GROUP_ID": "2402",
        "GROUP_NAME": "Tafsir",
        "EDUCATION_LEVEL_ID": "24",
        "GROUP_CODE": "02"
    },
    {
        "GROUP_ID": "2403",
        "GROUP_NAME": "Fiquah",
        "EDUCATION_LEVEL_ID": "24",
        "GROUP_CODE": "03"
    },
    {
        "GROUP_ID": "2404",
        "GROUP_NAME": "Adab",
        "EDUCATION_LEVEL_ID": "24",
        "GROUP_CODE": "04"
    },
    {
        "GROUP_ID": "1300",
        "GROUP_NAME": "Not Applicable",
        "EDUCATION_LEVEL_ID": "13",
        "GROUP_CODE": "00"
    },
    {
        "GROUP_ID": "3100",
        "GROUP_NAME": "Not Applicable",
        "EDUCATION_LEVEL_ID": "31",
        "GROUP_CODE": "00"
    },
    {
        "GROUP_ID": "3200",
        "GROUP_NAME": "Not Applicable",
        "EDUCATION_LEVEL_ID": "32",
        "GROUP_CODE": "00"
    },
    {
        "GROUP_ID": "2300",
        "GROUP_NAME": "N/A",
        "EDUCATION_LEVEL_ID": "23",
        "GROUP_CODE": "00"
    },
    {
        "GROUP_ID": "2400",
        "GROUP_NAME": "Not Applicable",
        "EDUCATION_LEVEL_ID": "24",
        "GROUP_CODE": "00"
    },
    {
        "GROUP_ID": "3301",
        "GROUP_NAME": "Humanities",
        "EDUCATION_LEVEL_ID": "33",
        "GROUP_CODE": "01",
        "ENTRY_TIMESTAMP": "07/23/2005 12:52:15"
    },
    {
        "GROUP_ID": "3302",
        "GROUP_NAME": "Science",
        "EDUCATION_LEVEL_ID": "33",
        "GROUP_CODE": "02",
        "ENTRY_TIMESTAMP": "07/23/2005 12:52:49"
    },
    {
        "GROUP_ID": "3303",
        "GROUP_NAME": "Commerce",
        "EDUCATION_LEVEL_ID": "33",
        "GROUP_CODE": "03",
        "ENTRY_TIMESTAMP": "07/23/2005 12:52:49"
    },
    {
        "GROUP_ID": "3401",
        "GROUP_NAME": "Science",
        "EDUCATION_LEVEL_ID": "34",
        "GROUP_CODE": "01",
        "ENTRY_TIMESTAMP": "07/23/2005 12:53:55"
    },
    {
        "GROUP_ID": "3402",
        "GROUP_NAME": "Others",
        "EDUCATION_LEVEL_ID": "34",
        "GROUP_CODE": "02",
        "ENTRY_TIMESTAMP": "07/23/2005 12:53:55"
    },
    {
        "GROUP_ID": "2000",
        "GROUP_NAME": "Not Applicable",
        "EDUCATION_LEVEL_ID": "20",
        "GROUP_CODE": "00"
    },
    {
        "GROUP_ID": "2200",
        "GROUP_NAME": "Not Applicable",
        "EDUCATION_LEVEL_ID": "22",
        "GROUP_CODE": "00"
    },
    {
        "GROUP_ID": "3304",
        "GROUP_NAME": "Others",
        "EDUCATION_LEVEL_ID": "33",
        "GROUP_CODE": "04"
    },
    {
        "GROUP_ID": "3305",
        "GROUP_NAME": "Social Science",
        "EDUCATION_LEVEL_ID": "33",
        "GROUP_CODE": "05"
    },
    {
        "GROUP_ID": "3403",
        "GROUP_NAME": "Humanities",
        "EDUCATION_LEVEL_ID": "34",
        "GROUP_CODE": "03"
    },
    {
        "GROUP_ID": "3404",
        "GROUP_NAME": "Social Science",
        "EDUCATION_LEVEL_ID": "34",
        "GROUP_CODE": "04"
    },
    {
        "GROUP_ID": "3405",
        "GROUP_NAME": "Commerce",
        "EDUCATION_LEVEL_ID": "34",
        "GROUP_CODE": "05"
    },
    {
        "GROUP_ID": "2104",
        "GROUP_NAME": "Mojabbid",
        "EDUCATION_LEVEL_ID": "21",
        "GROUP_CODE": "04"
    },
    {
        "GROUP_ID": "2105",
        "GROUP_NAME": "Hifjul koran",
        "EDUCATION_LEVEL_ID": "21",
        "GROUP_CODE": "05"
    },
    {
        "GROUP_ID": "2204",
        "GROUP_NAME": "Mojabbid Part",
        "EDUCATION_LEVEL_ID": "22",
        "GROUP_CODE": "04"
    },
    {
        "GROUP_ID": "6801",
        "GROUP_NAME": "Humanities",
        "EDUCATION_LEVEL_ID": "68",
        "GROUP_CODE": "01"
    },
    {
        "GROUP_ID": "6802",
        "GROUP_NAME": "Science",
        "EDUCATION_LEVEL_ID": "68",
        "GROUP_CODE": "02"
    },
    {
        "GROUP_ID": "6803",
        "GROUP_NAME": "B.STUDIES",
        "EDUCATION_LEVEL_ID": "68",
        "GROUP_CODE": "03"
    },
    {
        "GROUP_ID": "6901",
        "GROUP_NAME": "THISIS",
        "EDUCATION_LEVEL_ID": "69",
        "GROUP_CODE": "01"
    },
    {
        "GROUP_ID": "6902",
        "GROUP_NAME": "NON THESIS",
        "EDUCATION_LEVEL_ID": "69",
        "GROUP_CODE": "02"
    },
    {
        "GROUP_ID": "7000",
        "GROUP_NAME": "NONE",
        "EDUCATION_LEVEL_ID": "70",
        "GROUP_CODE": "00"
    },
    {
        "GROUP_ID": "7100",
        "GROUP_NAME": "NONE",
        "EDUCATION_LEVEL_ID": "71",
        "GROUP_CODE": "00"
    },
    {
        "GROUP_ID": "7200",
        "GROUP_NAME": "NONE",
        "EDUCATION_LEVEL_ID": "72",
        "GROUP_CODE": "00"
    },
    {
        "GROUP_ID": "7300",
        "GROUP_NAME": "NONE",
        "EDUCATION_LEVEL_ID": "73",
        "GROUP_CODE": "00"
    },
    {
        "GROUP_ID": "7400",
        "GROUP_NAME": "NONE",
        "EDUCATION_LEVEL_ID": "74",
        "GROUP_CODE": "00"
    },
    {
        "GROUP_ID": "2500",
        "GROUP_NAME": "N/A",
        "EDUCATION_LEVEL_ID": "25",
        "GROUP_CODE": "00"
    },
    {
        "GROUP_ID": "0000",
        "GROUP_NAME": "NONE",
        "EDUCATION_LEVEL_ID": "00",
        "GROUP_CODE": "00"
    }
]
