[
    {
        "institute_type_id": "1",
        "institute_type_name": "SCHOOL",
        "entered_by": ""
    },
    {
        "institute_type_id": "2",
        "institute_type_name": "INDEPENDENT EBTEDAYEE",
        "entered_by": ""
    },
    {
        "institute_type_id": "3",
        "institute_type_name": "QUAMI MADRASAH",
        "entered_by": ""
    },
    {
        "institute_type_id": "4",
        "institute_type_name": "PRIVATE UNIVERSITY",
        "entered_by": ""
    },
    {
        "institute_type_id": "5",
        "institute_type_name": "MADRASHA",
        "entered_by": ""
    },
    {
        "institute_type_id": "6",
        "institute_type_name": "COLLEGE",
        "entered_by": ""
    },
    {
        "institute_type_id": "7",
        "institute_type_name": "SCHOOL & COLLEGE",
        "entered_by": ""
    },
    {
        "institute_type_id": "8",
        "institute_type_name": "TECHNICAL INSTITUTION",
        "entered_by": ""
    },
    {
        "institute_type_id": "9",
        "institute_type_name": "TEACHERS TRAINING",
        "entered_by": ""
    },
    {
        "institute_type_id": "10",
        "institute_type_name": "PROFESSIONAL",
        "entered_by": ""
    },
    {
        "institute_type_id": "11",
        "institute_type_name": "PUBLIC UNIVERSITY",
        "entered_by": ""
    },
    {
        "institute_type_id": "12",
        "institute_type_name": "ENGLISH MEDIUM SCHOOL",
        "entered_by": ""
    }
]
