[

    {
        "MANAGEMENT": "1",
        "DESCRIPTION": "GOVERNMENT",
        "DESCRIPTION_BN": "GOVERNMENT"
    },
    {
        "MANAGEMENT": "2",
        "DESCRIPTION": "NON-GOVERNMENT ORGANIZATION",
        "DESCRIPTION_BN": "NON-GOVERNMENT ORGANIZATION"
    },
    {
        "MANAGEMENT": "3",
        "DESCRIPTION": "LOCAL GOVERNMENT",
        "DESCRIPTION_BN": "LOCAL GOVERNMENT"
    },
    {
        "MANAGEMENT": "4",
        "DESCRIPTION": "AUTONOMOUS",
        "DESCRIPTION_BN": "AUTONOMOUS"
    },
    {
        "MANAGEMENT": "5",
        "DESCRIPTION": "OTHER",
        "DESCRIPTION_BN": "OTHER"
    },
    {
        "MANAGEMENT": "6",
        "DESCRIPTION": "CRISTIAN MISSIONARY",
        "DESCRIPTION_BN": "CRISTIAN MISSIONARY"
    },
    {
        "MANAGEMENT": "7",
        "DESCRIPTION": "Public",
        "DESCRIPTION_BN": "Public",
        "status": "0"
    },
    {
        "MANAGEMENT": "8",
        "DESCRIPTION": "Private",
        "DESCRIPTION_BN": "Private",
        "status": "0"
    }

]
