[
    {
        "group_name_bn": "সশস্ত্র বাহিনী পেশা",
        "group_name_en": "Armed forces occupations",
        "parent_id": "0",
        "major_code": "0",
        "sub_major_code": null,
        "minor_code": null,
        "unit_code": null,
        "group": "major"
    },
    {
        "group_name_bn": "কমিশনড আর্মড ফোর্স অফিসার",
        "group_name_en": "Commissioned armed forces officers ",
        "parent_id": "1",
        "major_code": "0",
        "sub_major_code": "01",
        "minor_code": null,
        "unit_code": null,
        "group": "sub_major"
    },
    {
        "group_name_bn": "কমিশনড আর্মড ফোর্স অফিসার ",
        "group_name_en": "Commissioned armed forces officers ",
        "parent_id": "2",
        "major_code": "0",
        "sub_major_code": "01",
        "minor_code": "110",
        "unit_code": null,
        "group": "minor"
    },
    {
        "group_name_bn": "আইনজীবি",
        "group_name_en": "Legislator",
        "parent_id": "3",
        "major_code": "0",
        "sub_major_code": "01",
        "minor_code": "110",
        "unit_code": "1111",
        "group": "unit"
    },
    {
        "group_name_bn": "ঊর্ধ্বতন সরকারী কর্মকর্তারা",
        "group_name_en": "Senior Government Officials",
        "parent_id": "3",
        "major_code": "0",
        "sub_major_code": "01",
        "minor_code": "110",
        "unit_code": "1112",
        "group": "unit"
    }
]
