[
    {
        "name": "পিইসি",
        "class_id": "5",
        "total_compulsory": null,
        "total_elective": "1",
        "exam_type": 0,
        "total_optional": "2",
        "block_type": "1",
        "status": "1"
    },
    {
        "name": "এবতেদায়ি",
        "class_id": "5",
        "total_compulsory": null,
        "total_elective": "1",
        "exam_type": 0,
        "total_optional": null,
        "block_type": "1",
        "status": "1"
    },
    {
        "name": "৬ষ্ঠ",
        "class_id": "6",
        "total_compulsory": null,
        "total_elective": "1",
        "exam_type": 0,
        "total_optional": "2",
        "block_type": "1",
        "status": "1"
    },
    {
        "name": "৭ম",
        "class_id": "7",
        "total_compulsory": null,
        "total_elective": "1",
        "exam_type": 0,
        "total_optional": "1",
        "block_type": "1",
        "status": "1"
    },
    {
        "name": "জেএসসি",
        "class_id": "8",
        "total_compulsory": null,
        "total_elective": "2",
        "exam_type": 0,
        "total_optional": "1",
        "block_type": "1",
        "status": "1"
    },
    {
        "name": "জেডিসি",
        "class_id": "8",
        "total_compulsory": null,
        "total_elective": "1",
        "exam_type": 0,
        "total_optional": null,
        "block_type": "1",
        "status": "1"
    },
    {
        "name": "৯ম",
        "class_id": "9",
        "total_compulsory": null,
        "total_elective": "2",
        "exam_type": 0,
        "total_optional": null,
        "block_type": "1",
        "status": "1"
    },
    {
        "name": "এসএসসি",
        "class_id": "10",
        "total_compulsory": null,
        "total_elective": "2",
        "exam_type": 0,
        "total_optional": "1",
        "block_type": "1",
        "status": "1"
    },
    {
        "name": "এসএসসি ভোক",
        "class_id": "10",
        "total_compulsory": null,
        "total_elective": "2",
        "exam_type": 0,
        "total_optional": null,
        "block_type": "1",
        "status": "1"
    },
    {
        "name": "দাখিল",
        "class_id": "10",
        "total_compulsory": null,
        "total_elective": "2",
        "exam_type": 0,
        "total_optional": null,
        "block_type": "1",
        "status": "1"
    },
    {
        "name": "দাখিল ভোক",
        "class_id": "10",
        "total_compulsory": null,
        "total_elective": "2",
        "exam_type": 0,
        "total_optional": null,
        "block_type": "1",
        "status": "1"
    },
    {
        "name": "এইচএসসি",
        "class_id": "12",
        "total_compulsory": null,
        "total_elective": "2",
        "exam_type": 0,
        "total_optional": null,
        "block_type": "1",
        "status": "1"
    },
    {
        "name": "এইচএসসি ভোক",
        "class_id": "12",
        "total_compulsory": null,
        "total_elective": "2",
        "exam_type": 0,
        "total_optional": null,
        "block_type": "1",
        "status": "1"
    },
    {
        "name": "এইচএসসি বিএম",
        "class_id": "12",
        "total_compulsory": null,
        "total_elective": "2",
        "exam_type": 0,
        "total_optional": null,
        "block_type": "1",
        "status": "1"
    },
    {
        "name": "আলিম",
        "class_id": "12",
        "total_compulsory": null,
        "total_elective": "2",
        "exam_type": 0,
        "total_optional": null,
        "block_type": "1",
        "status": "1"
    }
]
