[
    {
        "name_bn": "কৃষিকাজ",
        "name_en": null,
        "status": "1"
    },
    {
        "name_bn": "বই পড়া",
        "name_en": null,
        "status": "1"
    },
    {
        "name_bn": "চিত্রাংকন",
        "name_en": null,
        "status": "1"
    },
    {
        "name_bn": "কবিতা বা গল্প লেখা",
        "name_en": null,
        "status": "1"
    },
    {
        "name_bn": "আবৃত্তি",
        "name_en": null,
        "status": "1"
    },
    {
        "name_bn": "নৃত্য",
        "name_en": null,
        "status": "1"
    },
    {
        "name_bn": "সঙ্গীত",
        "name_en": null,
        "status": "1"
    },
    {
        "name_bn": "রচনা",
        "name_en": null,
        "status": "1"
    },
    {
        "name_bn": "বাগান করা",
        "name_en": null,
        "status": "1"
    },
    {
        "name_bn": "জনসেবা",
        "name_en": null,
        "status": "1"
    },
    {
        "name_bn": "অভিনয়",
        "name_en": null,
        "status": "1"
    },
    {
        "name_bn": "রাইডিং",
        "name_en": null,
        "status": "1"
    },
    {
        "name_bn": "ভ্রমণ",
        "name_en": null,
        "status": "1"
    },
    {
        "name_bn": "টেকিং",
        "name_en": null,
        "status": "1"
    },
    {
        "name_bn": "সাঁতার",
        "name_en": null,
        "status": "1"
    }
]
