[
    {
        "exam_id": "5",
        "institute_type_id": "1",
        "status": "1"
    },
    {
        "exam_id": "6",
        "institute_type_id": "2",
        "status": "1"
    },
    {
        "exam_id": "3",
        "institute_type_id": "1",
        "status": "1"
    },
    {
        "exam_id": "1",
        "institute_type_id": "1",
        "status": "1"
    },
    {
        "exam_id": "7",
        "institute_type_id": "1",
        "status": "1"
    },
    {
        "exam_id": "8",
        "institute_type_id": "1",
        "status": "1"
    },
    {
        "exam_id": "10",
        "institute_type_id": "1",
        "status": "1"
    },
    {
        "exam_id": "12",
        "institute_type_id": "1",
        "status": "1"
    },
    {
        "exam_id": "4",
        "institute_type_id": "1",
        "status": "1"
    }
]
