[
    {"class_id": 6,"name": "BANGLA","institute_type_id": 1,"subject_type": 1,"exam_id": 1},
    {"class_id": 6,"name": "BANGLA","institute_type_id": 1,"subject_type": 1,"exam_id": 1},
    {"class_id": 6,"name": "BANGLA","institute_type_id": 1,"subject_type": 1,"exam_id": 1},
    {"class_id": 6,"name": "BANGLA","institute_type_id": 1,"subject_type": 1,"exam_id": 1},
    {"class_id": 6,"name": "BANGLA","institute_type_id": 1,"subject_type": 1,"exam_id": 1},
    {"class_id": 6,"name": "BANGLA","institute_type_id": 1,"subject_type": 1,"exam_id": 1},
    {"class_id": 6,"name": "BANGLA","institute_type_id": 1,"subject_type": 1,"exam_id": 1}
]
